<?xml version="1.0"?>
<Runs Version="1" Minor="0">
	<Run Id="mem_blk_mem_gen_0_0_synth_1" LaunchDir="/home/student/Dokumenty/scs/scs.runs/mem_blk_mem_gen_0_0_synth_1" FlowId="Vivado_Synthesis" FromStepId="vivado" ToStepId="vivado"/>
	<Run Id="synth_1" LaunchDir="/home/student/Dokumenty/scs/scs.runs/synth_1" FlowId="Vivado_Synthesis" FromStepId="vivado" ToStepId="vivado">
		<Parent Id="mem_blk_mem_gen_0_0_synth_1"/>
	</Run>
	<Run Id="impl_1" LaunchDir="/home/student/Dokumenty/scs/scs.runs/impl_1" FlowId="Vivado_Implementation" FromStepId="init_design" ToStepId="write_bitstream">
		<Parent Id="synth_1"/>
		<Parent Id="mem_blk_mem_gen_0_0_synth_1"/>
	</Run>
</Runs>

