<?xml version="1.0" encoding="UTF-8"?>
<GenRun Id="impl_1" LaunchPart="xc7z010clg400-1" LaunchTime="1696849507">
  <File Type="WBT-USG" Name="usage_statistics_webtalk.html"/>
  <File Type="BG-DRC" Name="toplevel.drc"/>
  <File Type="BG-BGN" Name="toplevel.bgn"/>
  <File Type="BITSTR-SYSDEF" Name="toplevel.sysdef"/>
  <File Type="BITSTR-MMI" Name="toplevel.mmi"/>
  <File Type="BITSTR-BMM" Name="toplevel_bd.bmm"/>
  <File Type="BITSTR-NKY" Name="toplevel.nky"/>
  <File Type="BITSTR-RBT" Name="toplevel.rbt"/>
  <File Type="BITSTR-MSK" Name="toplevel.msk"/>
  <File Type="BG-BIN" Name="toplevel.bin"/>
  <File Type="BG-BIT" Name="toplevel.bit"/>
  <File Type="POSTROUTE-PHYSOPT-TIMING-RPX" Name="toplevel_timing_summary_postroute_physopted.rpx"/>
  <File Type="POSTROUTE-PHYSOPT-TIMING-PB" Name="toplevel_timing_summary_postroute_physopted.pb"/>
  <File Type="POSTROUTE-PHYSOPT-TIMING" Name="toplevel_timing_summary_postroute_physopted.rpt"/>
  <File Type="POSTROUTE-PHYSOPT-BLACKBOX-DCP" Name="toplevel_postroute_physopt_bb.dcp"/>
  <File Type="POSTROUTE-PHYSOPT-DCP" Name="toplevel_postroute_physopt.dcp"/>
  <File Type="ROUTE-CLK" Name="toplevel_clock_utilization_routed.rpt"/>
  <File Type="ROUTE-SIMILARITY" Name="toplevel_incremental_reuse_routed.rpt"/>
  <File Type="ROUTE-TIMING-RPX" Name="toplevel_timing_summary_routed.rpx"/>
  <File Type="ROUTE-TIMING-PB" Name="toplevel_timing_summary_routed.pb"/>
  <File Type="ROUTE-TIMINGSUMMARY" Name="toplevel_timing_summary_routed.rpt"/>
  <File Type="ROUTE-STATUS-PB" Name="toplevel_route_status.pb"/>
  <File Type="ROUTE-STATUS" Name="toplevel_route_status.rpt"/>
  <File Type="PLACE-CTRL" Name="toplevel_control_sets_placed.rpt"/>
  <File Type="PLACE-IO" Name="toplevel_io_placed.rpt"/>
  <File Type="PWROPT-TIMING" Name="toplevel_timing_summary_pwropted.rpt"/>
  <File Type="PLACE-DCP" Name="toplevel_placed.dcp"/>
  <File Type="PLACE-UTIL-PB" Name="toplevel_utilization_placed.pb"/>
  <File Type="PHYSOPT-TIMING" Name="toplevel_timing_summary_physopted.rpt"/>
  <File Type="PWROPT-DRC" Name="toplevel_drc_pwropted.rpt"/>
  <File Type="PWROPT-DCP" Name="toplevel_pwropt.dcp"/>
  <File Type="PLACE-UTIL" Name="toplevel_utilization_placed.rpt"/>
  <File Type="POSTPLACE-PWROPT-TIMING" Name="toplevel_timing_summary_postplace_pwropted.rpt"/>
  <File Type="OPT-TIMING" Name="toplevel_timing_summary_opted.rpt"/>
  <File Type="OPT-HWDEF" Name="toplevel.hwdef"/>
  <File Type="PLACE-CLK" Name="toplevel_clock_utilization_placed.rpt"/>
  <File Type="RDI-RDI" Name="toplevel.vdi"/>
  <File Type="PLACE-TIMING" Name="toplevel_timing_summary_placed.rpt"/>
  <File Type="INIT-TIMING" Name="toplevel_timing_summary_init.rpt"/>
  <File Type="OPT-DRC" Name="toplevel_drc_opted.rpt"/>
  <File Type="OPT-DCP" Name="toplevel_opt.dcp"/>
  <File Type="OPT-METHODOLOGY-DRC" Name="toplevel_methodology_drc_opted.rpt"/>
  <File Type="PLACE-PRE-SIMILARITY" Name="toplevel_incremental_reuse_pre_placed.rpt"/>
  <File Type="PLACE-SIMILARITY" Name="toplevel_incremental_reuse_placed.rpt"/>
  <File Type="PA-TCL" Name="toplevel.tcl"/>
  <File Type="POSTPLACE-PWROPT-DCP" Name="toplevel_postplace_pwropt.dcp"/>
  <File Type="PHYSOPT-DCP" Name="toplevel_physopt.dcp"/>
  <File Type="PHYSOPT-DRC" Name="toplevel_drc_physopted.rpt"/>
  <File Type="ROUTE-ERROR-DCP" Name="toplevel_routed_error.dcp"/>
  <File Type="ROUTE-DCP" Name="toplevel_routed.dcp"/>
  <File Type="ROUTE-BLACKBOX-DCP" Name="toplevel_routed_bb.dcp"/>
  <File Type="ROUTE-DRC" Name="toplevel_drc_routed.rpt"/>
  <File Type="ROUTE-METHODOLOGY-DRC" Name="toplevel_methodology_drc_routed.rpt"/>
  <File Type="ROUTE-DRC-PB" Name="toplevel_drc_routed.pb"/>
  <File Type="ROUTE-METHODOLOGY-DRC-PB" Name="toplevel_methodology_drc_routed.pb"/>
  <File Type="ROUTE-DRC-RPX" Name="toplevel_drc_routed.rpx"/>
  <File Type="ROUTE-PWR" Name="toplevel_power_routed.rpt"/>
  <File Type="ROUTE-METHODOLOGY-DRC-RPX" Name="toplevel_methodology_drc_routed.rpx"/>
  <File Type="ROUTE-PWR-SUM" Name="toplevel_power_summary_routed.pb"/>
  <File Type="ROUTE-PWR-RPX" Name="toplevel_power_routed.rpx"/>
  <FileSet Name="sources" Type="DesignSrcs" RelSrcDir="$PSRCDIR/sources_1">
    <Filter Type="Srcs"/>
    <File Path="$PSRCDIR/sources_1/bd/mem/mem.bd">
      <FileInfo>
        <Attr Name="UsedIn" Val="synthesis"/>
        <Attr Name="UsedIn" Val="implementation"/>
        <Attr Name="UsedIn" Val="simulation"/>
      </FileInfo>
    </File>
    <File Path="$PSRCDIR/sources_1/imports/src/pulsegen.v">
      <FileInfo>
        <Attr Name="ImportPath" Val="$PPRDIR/../cpu_src/src/pulsegen.v"/>
        <Attr Name="ImportTime" Val="1614701884"/>
        <Attr Name="UsedIn" Val="synthesis"/>
        <Attr Name="UsedIn" Val="implementation"/>
        <Attr Name="UsedIn" Val="simulation"/>
      </FileInfo>
    </File>
    <File Path="$PSRCDIR/sources_1/imports/src/uart_tx.v">
      <FileInfo>
        <Attr Name="ImportPath" Val="$PPRDIR/../cpu_src/src/uart_tx.v"/>
        <Attr Name="ImportTime" Val="1614701894"/>
        <Attr Name="UsedIn" Val="synthesis"/>
        <Attr Name="UsedIn" Val="implementation"/>
        <Attr Name="UsedIn" Val="simulation"/>
      </FileInfo>
    </File>
    <File Path="$PSRCDIR/sources_1/imports/src/prescaler.v">
      <FileInfo>
        <Attr Name="ImportPath" Val="$PPRDIR/../cpu_src/src/prescaler.v"/>
        <Attr Name="ImportTime" Val="1614701874"/>
        <Attr Name="UsedIn" Val="synthesis"/>
        <Attr Name="UsedIn" Val="implementation"/>
        <Attr Name="UsedIn" Val="simulation"/>
      </FileInfo>
    </File>
    <File Path="$PSRCDIR/sources_1/imports/src/debouncer.v">
      <FileInfo>
        <Attr Name="ImportPath" Val="$PPRDIR/../cpu_src/src/debouncer.v"/>
        <Attr Name="ImportTime" Val="1614701870"/>
        <Attr Name="UsedIn" Val="synthesis"/>
        <Attr Name="UsedIn" Val="implementation"/>
        <Attr Name="UsedIn" Val="simulation"/>
      </FileInfo>
    </File>
    <File Path="$PSRCDIR/sources_1/imports/src/dbgu.v">
      <FileInfo>
        <Attr Name="ImportPath" Val="$PPRDIR/../cpu_src/src/dbgu.v"/>
        <Attr Name="ImportTime" Val="1614701864"/>
        <Attr Name="UsedIn" Val="synthesis"/>
        <Attr Name="UsedIn" Val="implementation"/>
        <Attr Name="UsedIn" Val="simulation"/>
      </FileInfo>
    </File>
    <File Path="$PSRCDIR/sources_1/imports/src/cpu.v">
      <FileInfo>
        <Attr Name="ImportPath" Val="$PPRDIR/../cpu_src/src/cpu.v"/>
        <Attr Name="ImportTime" Val="1614701858"/>
        <Attr Name="UsedIn" Val="synthesis"/>
        <Attr Name="UsedIn" Val="implementation"/>
        <Attr Name="UsedIn" Val="simulation"/>
      </FileInfo>
    </File>
    <File Path="$PSRCDIR/sources_1/imports/src/clocknx.v">
      <FileInfo>
        <Attr Name="ImportPath" Val="$PPRDIR/../cpu_src/src/clocknx.v"/>
        <Attr Name="ImportTime" Val="1614701844"/>
        <Attr Name="UsedIn" Val="synthesis"/>
        <Attr Name="UsedIn" Val="implementation"/>
        <Attr Name="UsedIn" Val="simulation"/>
      </FileInfo>
    </File>
    <File Path="$PSRCDIR/sources_1/bd/mem/hdl/mem_wrapper.v">
      <FileInfo>
        <Attr Name="UsedIn" Val="synthesis"/>
        <Attr Name="UsedIn" Val="implementation"/>
        <Attr Name="UsedIn" Val="simulation"/>
      </FileInfo>
    </File>
    <File Path="$PSRCDIR/sources_1/imports/src/toplevel.v">
      <FileInfo>
        <Attr Name="ImportPath" Val="$PPRDIR/../cpu_src/src/toplevel.v"/>
        <Attr Name="ImportTime" Val="1614701890"/>
        <Attr Name="UsedIn" Val="synthesis"/>
        <Attr Name="UsedIn" Val="implementation"/>
        <Attr Name="UsedIn" Val="simulation"/>
      </FileInfo>
    </File>
    <File Path="$PPRDIR/mem_init_start.coe">
      <FileInfo>
        <Attr Name="UsedIn" Val="synthesis"/>
        <Attr Name="UsedIn" Val="simulation"/>
      </FileInfo>
    </File>
    <Config>
      <Option Name="DesignMode" Val="RTL"/>
      <Option Name="TopModule" Val="toplevel"/>
      <Option Name="TopAutoSet" Val="TRUE"/>
    </Config>
  </FileSet>
  <FileSet Name="constrs_in" Type="Constrs" RelSrcDir="$PSRCDIR/constrs_1">
    <Filter Type="Constrs"/>
    <File Path="$PSRCDIR/constrs_1/imports/other/Constraints.xdc">
      <FileInfo>
        <Attr Name="ImportPath" Val="$PPRDIR/../cpu_src/other/Constraints.xdc"/>
        <Attr Name="ImportTime" Val="1485904446"/>
        <Attr Name="UsedIn" Val="synthesis"/>
        <Attr Name="UsedIn" Val="implementation"/>
      </FileInfo>
    </File>
    <Config>
      <Option Name="ConstrsType" Val="XDC"/>
    </Config>
  </FileSet>
  <Strategy Version="1" Minor="2">
    <StratHandle Name="Vivado Implementation Defaults" Flow="Vivado Implementation 2016">
      <Desc>Default settings for Implementation.</Desc>
    </StratHandle>
    <Step Id="init_design"/>
    <Step Id="opt_design"/>
    <Step Id="power_opt_design"/>
    <Step Id="place_design"/>
    <Step Id="post_place_power_opt_design"/>
    <Step Id="phys_opt_design"/>
    <Step Id="route_design"/>
    <Step Id="post_route_phys_opt_design"/>
    <Step Id="write_bitstream"/>
  </Strategy>
  <BlockFileSet Type="BlockSrcs" Name="mem_blk_mem_gen_0_0"/>
</GenRun>
